{
  "id": "session_1756687394306_rkvnd9ee0",
  "timestamp": "2025-09-01T00:43:14.306Z",
  "imageHash": "32bf4ea1-d68d-4753-8337-166be52c3b33",
  "walls": [],
  "rooms": [
    {
      "id": "room-1756687505096",
      "name": "deck",
      "type": "deck",
      "squareFootage": 100,
      "isExterior": true,
      "center": {
        "x": 545.1869253919705,
        "y": 420.92883812153093
      },
      "vertices": [
        {
          "x": 495.1869253919705,
          "y": 370.92883812153093
        },
        {
          "x": 595.1869253919705,
          "y": 370.92883812153093
        },
        {
          "x": 595.1869253919705,
          "y": 470.92883812153093
        },
        {
          "x": 495.1869253919705,
          "y": 470.92883812153093
        }
      ],
      "source": "manual",
      "isManual": true,
      "isDeleted": false
    }
  ],
  "doors": [],
  "windows": [],
  "measurements": [],
  "metadata": {
    "totalWalls": 0,
    "totalRooms": 1,
    "totalDoors": 0,
    "totalWindows": 0,
    "totalMeasurements": 0,
    "manualEdits": 1,
    "deletions": 0,
    "detectionMethods": []
  }
}